DB,Chain,NRes,WT,MUT,ACC,SOuL_score
"1ANFA63E","A",63,"GLU","ALA",13.474,0.7151206854120853
"1ANFI317E","A",317,"GLU","ILE",1.693,1.067131318084713
"1ANFW230E","A",230,"GLU","TRP",11.622,-0.0584433030628575
"1ANFW232E","A",232,"GLU","TRP",5.956,0.6160276918633324
"1ANFW340E","A",340,"GLU","TRP",11.076,-0.205477452935804
"1ANFW62E","A",62,"GLU","TRP",8.859,0.5172392937324654
"1ANFY155E","A",155,"GLU","TYR",38.06,-0.9618878429095168
"1ANFY210A","A",210,"ALA","TYR",36.599,-0.3432490187588704
"1ANFY242E","A",242,"GLU","TYR",18.131,0.05405931691561772
"1ANFY283D","A",283,"ASP","TYR",27.236,-0.4822031523279188
"1BLIA388D","A",388,"ASP","ALA",0.237,1.4200342860723103
"1BLIA388F","A",388,"PHE","ALA",0.,0.900682337654825
"1BLIA388I","A",388,"ILE","ALA",0.,0.3159472964483955
"1BLIA388K","A",388,"LYS","ALA",0.,0.13155367408335483
"1BLIA388Q","A",388,"GLN","ALA",0.,0.3393794698329898
"1BLID399E","A",399,"GLU","ASP",49.166,-0.33878066220922337
"1BLID399N","A",399,"ASN","ASP",39.209,0.3388466994114564
"1BLID399V","A",399,"VAL","ASP",41.331,0.16149309969390124
"1CV2H82R","A",82,"ARG","HIS",1.37,-0.0349199561893217
"1CV2L86Q","A",86,"GLN","LEU",0.811,0.14581269074859116
"1CV2M128V","A",128,"VAL","MET",3.214,0.35311414076709247
"1CV2P200R","A",200,"ARG","PRO",0.474,0.39247765805018897
"1CV2P36L","A",36,"LEU","PRO",0.308,1.1505375503237958
"1CV2Q154L","A",154,"LEU","GLN",80.952,0.7612871693499225
"1CV2Y127H","A",127,"HIS","TYR",0.,0.4411441047670981
"1DWPH103A","A",103,"ALA","HIS",9.842,-0.3655005774807156
"1DWPH103C","A",103,"CYS","HIS",2.885,-1.2606045697197947
"1DWPH103D","A",103,"ASP","HIS",1.255,-0.41344538421605903
"1DWPH103E","A",103,"GLU","HIS",1.802,0.18713221752253176
"1DWPH103F","A",103,"PHE","HIS",1.038,-1.3806671293363768
"1DWPH103G","A",103,"GLY","HIS",18.879,-0.1346711543280671
"1DWPH103I","A",103,"ILE","HIS",2.307,-1.7240478601089455
"1DWPH103K","A",103,"LYS","HIS",2.738,-0.038261812926000546
"1DWPH103L","A",103,"LEU","HIS",2.363,-1.471960016147062
"1DWPH103M","A",103,"MET","HIS",1.575,-1.0601895180028469
"1DWPH103N","A",103,"ASN","HIS",3.122,-0.3702077272669867
"1DWPH103P","A",103,"PRO","HIS",6.982,-0.337609532959263
"1DWPH103Q","A",103,"GLN","HIS",1.231,-0.42074375787060136
"1DWPH103R","A",103,"ARG","HIS",1.567,-0.14745251246262575
"1DWPH103S","A",103,"SER","HIS",7.772,-0.22020819733324654
"1DWPH103T","A",103,"THR","HIS",1.587,-1.196439454313886
"1DWPH103V","A",103,"VAL","HIS",2.4,-1.7650584026454639
"1DWPH103W","A",103,"TRP","HIS",1.105,-0.5685897651245658
"1DWPH103Y","A",103,"TYR","HIS",2.221,-0.752488355124563
"1DWPK176P","A",176,"PRO","LYS",27.733,-0.5011468520925044
"1DWPK199P","A",199,"PRO","LYS",24.513,0.19096611744959985
"1DWPK224P","A",224,"PRO","LYS",65.044,0.2793766562626459
"1FGAC50S","A",50,"SER","CYS",49.905,-0.5689455824054639
"1FGAC68S","A",68,"SER","CYS",63.533,-0.6713353545472966
"1HK0_AFA36P","A",36,"PRO","ALA",0.,-0.15818173036516706
"1HK0_AFE107A","A",107,"ALA","GLU",38.734,0.5592826606797412
"1HK0_AFG61C","A",61,"CYS","GLY",42.987,1.171666237154733
"1HK0_AFP24S","A",24,"SER","PRO",39.383,0.15525497057842863
"1HK0_AFP24T","A",24,"THR","PRO",49.058,0.09200708589360769
"1HK0_AFP24V","A",24,"VAL","PRO",39.269,0.47077568397335645
"1HK0_AFR37S","A",37,"SER","ARG",12.073,0.21624876132358894
"1HK0_AFR59H","A",59,"HIS","ARG",35.235,-0.05887638167490761
"1HK0_AFR77S","A",77,"SER","ARG",7.049,0.03274363389465468
"1HK0_AFV76D","A",76,"ASP","VAL",5.547,1.0791242136476578
"1HK0_AFW43R","A",43,"ARG","TRP",0.,1.1926239070903706
"1HK0_AFY134A","A",134,"ALA","TYR",2.469,1.6311382913601546
"1HMYM51L","A",51,"LEU","MET",43.821,-0.05539649223429602
"1HMYV213S","A",213,"SER","VAL",57.031,-0.09643022524796346
"1HZWC14E","A",14,"GLU","CYS",58.958,-1.8068340799658005
"1HZWD87N","A",87,"ASN","ASP",81.015,0.5122004415470776
"1HZWD19N","A",19,"ASN","ASP",36.085,0.07439373068892452
"1HZWD40K","A",40,"LYS","ASP",74.716,0.43462792026730995
"1HZWD40N","A",40,"ASN","ASP",79.038,0.584855636860788
"1HZWK140L","A",140,"LEU","LYS",53.5,0.8792965293417532
"1HZWR13D","A",13,"ASP","ARG",81.747,-0.6846003343329229
"1HZWR13N","A",13,"ASN","ARG",75.02,-0.03663529699428241
"1HZWR17E","A",17,"GLU","ARG",56.028,-0.48100712093975895
"1IFRA98V","A",98,"VAL","ALA",2.183,-1.5220976796813308
"1IFRG18V","A",18,"VAL","GLY",0.,1.4665326860242716
"1IFRL58P","A",58,"PRO","LEU",7.067,-0.09483161278117985
"1IFRN25I","A",25,"ILE","ASN",0.,0.7923969682446552
"1IFRW83R","A",83,"ARG","TRP",3.854,0.7845126663469801
"1MSCA107T","A",107,"THR","ALA",0.777,0.49559581478579945
"1MSCA53E","A",53,"GLU","ALA",74.567,-0.5782034922522757
"1MSCI104V","A",104,"VAL","ILE",1.597,-0.47681517577994526
"1MSCI94V","A",94,"VAL","ILE",31.237,-0.32362289856164306
"1MSCK66R","A",66,"ARG","LYS",1.517,-0.2868296987018083
"1MSCN27S","A",27,"SER","ASN",93.056,0.2889293872874305
"1MSCQ109L","A",109,"LEU","GLN",22.965,0.716487221340983
"1MSCQ40L","A",40,"LEU","GLN",23.701,0.5195974499695578
"1MUYC199A","A",199,"ALA","CYS",32.088,-0.06044461539924828
"1NZXY197H","A",197,"HIS","TYR",8.574,-0.003742583022801338
"1OKIR179H","A",179,"HIS","ARG",31.915,0.005245322952282474
"1PFSH36F","A",36,"PHE","HIS",68.952,1.2337027690577982
"1QGDA28E","A",28,"GLU","ALA",1.723,1.1672591606288716
"1QGDD258A","A",258,"ALA","ASP",35.027,0.748289356096364
"1QGDD258G","A",258,"GLY","ASP",32.522,0.8532141351320502
"1QGDD258S","A",258,"SER","ASP",42.856,1.0591909228630545
"1QGDD258Y","A",258,"TYR","ASP",60.466,1.9209548809447048
"1QGDD468A","A",468,"ALA","ASP",14.681,1.07781768525733
"1QGDD468S","A",468,"SER","ASP",16.798,0.8214809821682292
"1QGDD468T","A",468,"THR","ASP",14.653,1.2522842740892102
"1QGDD468Y","A",468,"TYR","ASP",16.945,1.098166496598377
"1QGDE497D","A",497,"ASP","GLU",0.,0.8889734055514829
"1QGDH460S","A",460,"SER","HIS",6.194,1.825550854966189
"1QGDR519Q","A",519,"GLN","ARG",29.079,0.7989657742005227
"1QGDR519V","A",519,"VAL","ARG",16.133,1.1589938569474754
"1RGG_AQ32D","A",32,"ASP","GLN",47.365,-0.5163994459333981
"1RGG_AQ77D","A",77,"ASP","GLN",67.662,-0.3625336960874974
"1RGG_AT76A","A",76,"ALA","THR",78.094,0.09821638608396385
"1RGG_AT76C","A",76,"CYS","THR",84.891,0.6904694082939563
"1RGG_AT76D","A",76,"ASP","THR",89.239,-0.8721959761297927
"1RGG_AT76E","A",76,"GLU","THR",94.817,-1.0619879324285941
"1RGG_AT76F","A",76,"PHE","THR",88.163,1.2365354857952398
"1RGG_AT76G","A",76,"GLY","THR",82.661,0.07121627370474665
"1RGG_AT76H","A",76,"HIS","THR",81.174,-0.275082710105699
"1RGG_AT76I","A",76,"ILE","THR",90.027,0.3819878538948755
"1RGG_AT76K","A",76,"LYS","THR",84.437,-0.6553994234369727
"1RGG_AT76L","A",76,"LEU","THR",80.241,0.8335897791383587
"1RGG_AT76M","A",76,"MET","THR",87.582,0.5124975513677866
"1RGG_AT76N","A",76,"ASN","THR",85.074,-0.31853558113315683
"1RGG_AT76P","A",76,"PRO","THR",81.546,-0.30051408299172433
"1RGG_AT76Q","A",76,"GLN","THR",100.,-0.37998400629920615
"1RGG_AT76R","A",76,"ARG","THR",94.899,-0.4561369988745005
"1RGG_AT76S","A",76,"SER","THR",93.61,-0.09144854034675
"1RGG_AT76V","A",76,"VAL","THR",83.739,0.2162253851636716
"1RGG_AT76W","A",76,"TRP","THR",78.856,1.539114022314423
"1RGG_AT76Y","A",76,"TYR","THR",85.697,1.098834613003644
"1S5E_AFA103S","A",103,"SER","ALA",90.541,-0.39352336519456704
"1S5E_AFF31H","A",31,"HIS","PHE",41.806,-1.1899919625231474
"1S5E_AFI64S","A",64,"SER","ILE",45.53,-0.10263341336494322
"1S5E_AFL71S","A",71,"SER","LEU",57.333,-0.4604382379652291
"1S5E_AFP185Q","A",185,"GLN","PRO",73.326,-0.1290048894283597
"1UCFC106S","A",106,"SER","CYS",6.748,-0.10875098386381843
"1UCFE163K","A",163,"LYS","GLU",46.425,1.1235533177103059
"1UCFK130R","A",130,"ARG","LYS",45.753,0.10166528165503828
"1UCFL166P","A",166,"PRO","LEU",7.317,1.7609618100311706
"1W99I106L","A",106,"LEU","ILE",3.734,-0.3269894964184564
"1W99L92V","A",92,"VAL","LEU",0.401,0.24517897335727484
"1XPB_AFD149R","A",149,"ARG","ASP",46.264,0.6718243956030817
"1XPB_AFD149V","A",149,"VAL","ASP",24.845,1.1525257680080159
"1XPB_AFD58I","A",58,"ILE","ASP",34.894,1.2236807995767374
"1XPB_AFD58R","A",58,"ARG","ASP",56.853,0.666566152728956
"1XPB_AFE10H","A",10,"HIS","GLU",17.545,0.9132156191934303
"1XPB_AFG117R","A",117,"ARG","GLY",60.226,-0.11808350878311963
"1XPB_AFI100A","A",100,"ALA","ILE",3.697,0.2719987287021258
"1XPB_AFI100S","A",100,"SER","ILE",2.474,0.46419730131522
"1XPB_AFK28P","A",28,"PRO","LYS",52.297,0.9475491991045405
"1XPB_AFL110N","A",110,"ASN","LEU",9.146,0.18839605974858348
"1XPB_AFL110W","A",110,"TRP","LEU",15.793,0.5616234740306717
"1XPB_AFL111T","A",111,"THR","LEU",1.276,1.2872373985146819
"1XPB_AFL64R","A",64,"ARG","LEU",41.953,-0.5900418898802152
"1XPB_AFM41S","A",41,"SER","MET",2.068,0.5503123104410007
"1XPB_AFN109F","A",109,"PHE","ASN",22.64,1.1453254226081104
"1XPB_AFN109Y","A",109,"TYR","ASN",24.268,0.6770210470028011
"1XPB_AFP118L","A",118,"LEU","PRO",6.693,0.4668038530820862
"1XPB_AFP118Y","A",118,"TYR","PRO",3.751,1.1070077371366944
"1XPB_AFR216E","A",216,"GLU","ARG",4.93,0.7680015969054946
"1XPB_AFT153I","A",153,"ILE","THR",1.395,0.9685750158338372
"1XPB_AFT153N","A",153,"ASN","THR",2.21,1.3112319653667854
"1XPB_AFT153Q","A",153,"GLN","THR",5.685,1.7997913179765104
"1XPB_AFT154V","A",154,"VAL","THR",0.,1.0237281776048652
"1XPB_AFW183S","A",183,"SER","TRP",6.339,-0.007983570527993034
"1XPB_AFY19A","A",19,"ALA","TYR",10.373,0.8364352572046728
"1XSEF255E","A",255,"GLU","PHE",74.431,-2.29746270293212
"1XSEI252E","A",252,"GLU","ILE",55.319,-0.8461002165963161
"1XSEL256E","A",256,"GLU","LEU",43.558,-0.7553373789340007
"1XSEY243E","A",243,"GLU","TYR",78.964,-2.3887546959756385
"1XWWC109S","A",109,"SER","CYS",36.213,-0.3740328554280289
"1XWWC62S","A",62,"SER","CYS",3.325,-0.20204701360803523
"1XWWC90S","A",90,"SER","CYS",0.,0.4425101211862169
"1YTQW137C","A",137,"CYS","TRP",4.77,0.5381104222170867
"1Z0QA21G","A",21,"GLY","ALA",43.686,0.3643786134098293
"1Z0QD23N","A",23,"ASN","ASP",50.827,0.4637838093425587
"1Z0QE22G","A",22,"GLY","GLU",25.73,0.7583608833536648
"1Z0QE22K","A",22,"LYS","GLU",54.732,0.3570141889054299
"1Z0QE22P","A",22,"PRO","GLU",36.952,1.3034154732677647
"1Z0QE22Q","A",22,"GLN","GLU",38.319,0.7207226067389919
"1Z0QE22V","A",22,"VAL","GLU",40.505,1.5321270951989165
"1Z0QF19A","A",19,"ALA","PHE",37.851,-1.0205297520576075
"1Z0QF19C","A",19,"CYS","PHE",33.484,-0.4274814831298813
"1Z0QF19D","A",19,"ASP","PHE",45.652,-2.166039860474146
"1Z0QF19E","A",19,"GLU","PHE",61.701,-2.5421002212464177
"1Z0QF19G","A",19,"GLY","PHE",35.876,-1.2332156452711593
"1Z0QF19H","A",19,"HIS","PHE",44.483,-1.377172416780319
"1Z0QF19I","A",19,"ILE","PHE",54.81,-0.6664633333933552
"1Z0QF19K","A",19,"LYS","PHE",66.609,-2.4221865572392667
"1Z0QF19L","A",19,"LEU","PHE",50.579,-0.597287190210471
"1Z0QF19M","A",19,"MET","PHE",52.59,-1.094226106520666
"1Z0QF19N","A",19,"ASN","PHE",38.335,-1.6777528240487505
"1Z0QF19P","A",19,"PRO","PHE",43.271,-0.9989383063510092
"1Z0QF19Q","A",19,"GLN","PHE",63.912,-1.978480978351998
"1Z0QF19R","A",19,"ARG","PHE",69.161,-2.0843032770311143
"1Z0QF19S","A",19,"SER","PHE",46.83,-1.1091993155655588
"1Z0QF19T","A",19,"THR","PHE",38.607,-1.3671600675892823
"1Z0QF19V","A",19,"VAL","PHE",44.255,-0.5700529017627182
"1Z0QF19W","A",19,"TRP","PHE",48.361,-0.01447712100687108
"1Z0QF19Y","A",19,"TYR","PHE",52.258,-0.16768187414058144
"2C9K_AF_modifP126F","A",126,"PHE","PRO",34.816,1.6459365065409075
"2C9K_AF_modifP126G","A",126,"GLY","PRO",5.784,0.6905819699540124
"2C9K_AF_modifP126V","A",126,"VAL","PRO",10.718,0.39279730689789033
"2C9K_AF_modifP127G","A",127,"GLY","PRO",91.931,-0.06900993689587523
"2C9K_AF_modifP127V","A",127,"VAL","PRO",88.429,-0.06622082518348908
"2C9K_AF_modifP129G","A",129,"GLY","PRO",62.227,0.3553972320565722
"2C9K_AF_modifP129V","A",129,"VAL","PRO",65.536,0.17664322511759373
"2C9VA4V","A",4,"VAL","ALA",0.463,-1.074212609419155
"2C9VG37R","A",37,"ARG","GLY",63.781,0.1895308805665539
"2C9VG41D","A",41,"ASP","GLY",55.195,0.4905461947769865
"2C9VG85R","A",85,"ARG","GLY",43.947,0.7265042413584574
"2C9VG93C","A",93,"CYS","GLY",27.744,1.1396360783703463
"2C9VI113T","A",113,"THR","ILE",15.562,0.43703862629613865
"2CY8_AFN439D","A",439,"ASP","ASN",70.163,-0.40239678706785864
"2CY8_AFQ444E","A",444,"GLU","GLN",67.781,-0.43240163259328657
"2D68_AF_modifE44A","A",44,"ALA","GLU",32.876,1.0688094460267856
"2D68_AF_modifK10M","A",10,"MET","LYS",39.425,1.1822174252266495
"2D68_AF_modifK16M","A",16,"MET","LYS",71.851,0.6650661179857011
"2D68_AF_modifL51M","A",51,"MET","LEU",22.06,-0.09705541478665247
"2D68_AF_modifL74M","A",74,"MET","LEU",0.29,0.6294335213643407
"2D68_AF_modifL34M","A",34,"MET","LEU",0.751,0.37282891132750084
"2D68_AF_modifT37A","A",37,"ALA","THR",1.808,-0.16059412394127157
"2D68_AF_modifV21F","A",21,"PHE","VAL",0.,0.244550947110591
"2FJT_FPD15A","A",15,"ALA","ASP",50.729,0.9520036719531303
"2FJT_FPD15N","A",15,"ASN","ASP",58.944,0.6325570694358038
"2FJT_FPD51K","A",51,"LYS","ASP",73.601,0.10810287024155998
"2FJT_FPE21K","A",21,"LYS","GLU",62.14,0.37867210848628174
"2FJT_FPM14K","A",14,"LYS","MET",74.707,-1.2135050035859831
"2GE9C68S","A",68,"SER","CYS",39.25,-0.38451738946102465
"2GE9G33E","A",33,"GLU","GLY",60.585,-0.37961533922203095
"2GE9H93Q","A",93,"GLN","HIS",64.093,-0.057230008312148965
"2GE9L89F","A",89,"PHE","LEU",11.829,0.14757645413356357
"2GE9R38G","A",38,"GLY","ARG",2.352,0.7479426688379333
"2GE9Y65S","A",65,"SER","TYR",24.516,-0.26156948434393323
"2GE9Y92C","A",92,"CYS","TYR",19.919,0.3049493171292225
"2GVAH41Y","A",41,"TYR","HIS",78.588,1.2871899399156432
"2ILTF268E","A",268,"GLU","PHE",56.581,-2.272112754928569
"2ILTI265E","A",265,"GLU","ILE",58.023,-1.1603629866121326
"2ILTK177N","A",177,"ASN","LYS",2.402,0.9735623343183475
"2ILTL256E","A",256,"GLU","LEU",55.812,-1.371210983943937
"2ILTL269E","A",269,"GLU","LEU",56.761,-0.6900459297919885
"2ILTR127C","A",127,"CYS","ARG",22.223,1.3521985808005956
"2NBR_AC79R","A",79,"ARG","CYS",26.09,-0.9777001896623586
"2NBR_AR36S","A",36,"SER","ARG",11.579,0.2036231677843251
"2OZB_AF_modifA110E","A",110,"GLU","ALA",0.831,1.1508042184110814
"2OZB_AF_modifA132P","A",132,"PRO","ALA",0.,1.7233274760756507
"2QUG_M358RM328E","A",328,"GLU","MET",78.669,-1.2682842928134284
"2QUGM335L","A",335,"LEU","MET",93.492,0.07870064051109593
"2QUGM335R","A",335,"ARG","MET",100.,-0.6993213770512967
"2QUG_M358RP334A","A",334,"ALA","PRO",53.699,0.9150021338339772
"2QUG_M358RT322L","A",322,"LEU","THR",49.069,0.7951042349827445
"2QUG_M358RT322R","A",322,"ARG","THR",54.436,0.28583823557892496
"2X6G_ABA22D","A",22,"ASP","ALA",48.951,-0.7786350483802028
"2XWRC187F","A",187,"PHE","CYS",34.427,0.8013370569006287
"2XWRF180L","A",180,"LEU","PHE",1.812,0.5135181961994864
"2XWRG155S","A",155,"SER","GLY",4.453,0.16595397418972002
"2XWRR158Q","A",158,"GLN","ARG",73.69,0.3168018708653856
"2XWRR158W","A",158,"TRP","ARG",70.696,2.24555106214064
"2XWRR159S","A",159,"SER","ARG",10.941,1.210805278672165
"2XWRR183H","A",183,"HIS","ARG",24.563,0.3676820063129554
"2XWRR192W","A",192,"TRP","ARG",17.231,1.3478015001519428
"2XWRS151F","A",151,"PHE","SER",46.062,1.0947923221939968
"2XWRV53A","A",53,"ALA","VAL",0.706,1.0938496117348309
"3GXPA257D","A",257,"ASP","ALA",0.346,1.1901874685646565
"3GXPA317R","A",317,"ARG","ALA",17.551,-0.8773581033517326
"3GXPA337P","A",337,"PRO","ALA",11.712,-0.6444598636936079
"3GXPA337R","A",337,"ARG","ALA",29.694,-0.4646853341551384
"3GXPD134Y","A",134,"TYR","ASP",11.312,0.20066645090705507
"3GXPS374L","A",374,"LEU","SER",27.492,-0.2951491498673596
"3HY5M204K","A",204,"LYS","MET",0.512,0.6408145315302698
"3HY5R129Q","A",129,"GLN","ARG",1.572,0.4651615130724007
"3HY5R212W","A",212,"TRP","ARG",12.206,1.1856038518974426
"3K75_SM_modifE67K","A",67,"LYS","GLU",28.645,0.15391430844533668
"3K75_SM_modifE96A","A",96,"ALA","GLU",8.231,-0.05366382367847744
"3K75_SM_modifE96K","A",96,"LYS","GLU",30.527,0.6574051853810047
"3K75_SM_modifE96R","A",96,"ARG","GLU",43.652,0.9774467772589164
"3K75_SM_modifF140A","A",140,"ALA","PHE",11.999,-0.2560982758134692
"3K75_SM_modifF65A","A",65,"ALA","PHE",16.712,-0.4414807537805351
"3K75_SM_modifH18A","A",18,"ALA","HIS",7.375,0.06577913359141815
"3K75_SM_modifK127E","A",127,"GLU","LYS",15.525,0.02530832548993471
"3K75_SM_modifK30A","A",30,"ALA","LYS",12.543,0.42836506539201935
"3K75_SM_modifN102A","A",102,"ALA","ASN",34.449,0.581811213293131
"3K75_SM_modifR107S","A",107,"SER","ARG",27.556,0.29335136096716247
"3K75_SM_modifV115R","A",115,"ARG","VAL",56.306,-0.16502346810364216
"3K75_SM_modifV84R","A",84,"ARG","VAL",59.428,-0.3487438979634511
"3K75_SM_modifY134A","A",134,"ALA","TYR",25.507,0.09905373474840126
"3LWK_AF_modifG19V","A",19,"VAL","GLY",44.307,1.2728833518617404
"3MZS_AF215S","A",215,"SER","PHE",60.092,-1.125140390452537
"3MZS_AI8S","A",8,"SER","ILE",1.228,1.39722583017834
"3MZS_AI240S","A",240,"SER","ILE",36.723,-0.4031813460084396
"3MZS_AI323S","A",323,"SER","ILE",5.842,0.8405875355812757
"3MZS_AI404S","A",404,"SER","ILE",73.157,-0.5762218024860771
"3MZS_AI446S","A",446,"SER","ILE",86.662,-0.5150394625985946
"3MZS_AI452S","A",452,"SER","ILE",17.784,-0.2080075311475258
"3MZS_AI463S","A",463,"SER","ILE",2.753,0.6292646783632744
"3MZS_AI94S","A",94,"SER","ILE",25.236,0.032980182546959724
"3MZS_AK189E","A",189,"GLU","LYS",57.434,-0.8281062949534581
"3MZS_AL179S","A",179,"SER","LEU",9.959,0.018725006985382264
"3MZS_AL204S","A",204,"SER","LEU",0.293,-0.3950724999285503
"3MZS_AL205S","A",205,"SER","LEU",25.146,-0.3285967509567279
"3MZS_AL211S","A",211,"SER","LEU",18.575,-0.13555015945546478
"3MZS_AL214S","A",214,"SER","LEU",65.024,-0.4326803490209063
"3MZS_AL17S","A",17,"SER","LEU",35.048,-0.1424376143697126
"3MZS_AL268S","A",268,"SER","LEU",51.125,-1.3215618625576766
"3MZS_AL269S","A",269,"SER","LEU",67.449,-0.6364803661456971
"3MZS_AL302S","A",302,"SER","LEU",37.718,-0.8993631592006833
"3MZS_AL313S","A",313,"SER","LEU",37.541,-0.0661088081745174
"3MZS_AL358S","A",358,"SER","LEU",7.388,0.4290947432828808
"3MZS_AL360S","A",360,"SER","LEU",3.818,1.1434564760338093
"3MZS_AL364S","A",364,"SER","LEU",31.072,-0.8928456071346611
"3MZS_AL397S","A",397,"SER","LEU",53.923,-0.33683326768435295
"3MZS_AV207S","A",207,"SER","VAL",14.255,0.03270660664130233
"3MZS_AV224S","A",224,"SER","VAL",11.094,0.37053863140941984
"3MZS_AV359S","A",359,"SER","VAL",23.24,0.3975312762383566
"3MZS_AV449S","A",449,"SER","VAL",15.593,0.16817689030262362
"3MZS_AV466S","A",466,"SER","VAL",1.954,-0.7134142185232969
"3MZS_AW220S","A",220,"SER","TRP",8.238,0.4090913018070963
"3MZS_AY212S","A",212,"SER","TYR",5.836,-0.8858722684412141
"3PG0A61V","A",61,"VAL","ALA",0.703,-1.227008140262863
"3PG0A67G","A",67,"GLY","ALA",31.862,-1.3075054484863178
"3PG0D48N","A",48,"ASN","ASP",96.807,0.5818563204653543
"3PG0D84P","A",84,"PRO","ASP",46.735,0.4032461329089454
"3PG0D92P","A",92,"PRO","ASP",58.296,0.25833086235923824
"3PG0E65L","A",65,"LEU","GLU",35.601,1.4719683533253753
"3PG0E65Y","A",65,"TYR","GLU",49.053,1.4190260260225838
"3PG0K52V","A",52,"VAL","LYS",5.109,-0.25005839969198757
"3PG0Q77I","A",77,"ILE","GLN",0.,0.6901489606683163
"3PG0R89L","A",89,"LEU","ARG",21.288,1.101889721325386
"3VUBA37M","A",37,"MET","ALA",22.234,-0.8435843617029136
"3VUBD19F","A",19,"PHE","ASP",1.424,1.2756521397383784
"3VUBD19N","A",19,"ASN","ASP",0.75,0.4585841148079061
"3VUBD67P","A",67,"PRO","ASP",18.486,0.956863935754775
"3VUBD67T","A",67,"THR","ASP",24.78,0.5279612162356692
"3VUBE59M","A",59,"MET","GLU",32.753,0.8988597565214449
"3VUBF17D","A",17,"ASP","PHE",1.54,0.7137740420536549
"3VUBF17S","A",17,"SER","PHE",5.968,0.827680665646491
"3VUBG29Q","A",29,"GLN","GLY",63.012,0.23601080733063182
"3VUBG29W","A",29,"TRP","GLY",69.607,1.9586939038679674
"3VUBG77F","A",77,"PHE","GLY",42.664,1.361885436457473
"3VUBG77Q","A",77,"GLN","GLY",42.716,0.047520459404832315
"3VUBH55V","A",55,"VAL","HIS",54.92,0.03173631822378778
"3VUBH85I","A",85,"ILE","HIS",80.716,0.69813525981898
"3VUBH85M","A",85,"MET","HIS",85.57,0.4887475427896166
"3VUBH85S","A",85,"SER","HIS",93.55,0.19981765147982317
"3VUBI34H","A",34,"HIS","ILE",0.,1.2445913026902335
"3VUBI56D","A",56,"ASP","ILE",22.53,0.7105676580518225
"3VUBI56E","A",56,"GLU","ILE",11.863,0.8284731103518822
"3VUBI56G","A",56,"GLY","ILE",28.633,0.6827041753259321
"3VUBI56S","A",56,"SER","ILE",19.537,0.6584208978490381
"3VUBL16E","A",16,"GLU","LEU",11.925,0.5685809871820329
"3VUBL16S","A",16,"SER","LEU",7.174,0.42705640156460756
"3VUBL16T","A",16,"THR","LEU",6.556,-0.10369274685081897
"3VUBL36K","A",36,"LYS","LEU",0.683,1.897653345652631
"3VUBL36N","A",36,"ASN","LEU",5.586,1.9161540843095584
"3VUBL36S","A",36,"SER","LEU",6.288,1.2117649111554798
"3VUBL41F","A",41,"PHE","LEU",84.166,0.8391796661754336
"3VUBL83I","A",83,"ILE","LEU",4.622,-0.5623554978756561
"3VUBL83K","A",83,"LYS","LEU",2.971,0.7432794655559385
"3VUBM32E","A",32,"GLU","MET",0.964,0.5002262148716032
"3VUBM32L","A",32,"LEU","MET",0.196,-0.5523017812202586
"3VUBM32N","A",32,"ASN","MET",0.624,0.1547945114816621
"3VUBM32W","A",32,"TRP","MET",0.146,-0.07182441371606323
"3VUBM63A","A",63,"ALA","MET",11.523,0.03515048009993138
"3VUBM63D","A",63,"ASP","MET",2.429,0.4959231719661932
"3VUBM63N","A",63,"ASN","MET",2.253,0.9142340078823847
"3VUBM64E","A",64,"GLU","MET",5.592,-0.18213126091874002
"3VUBM64G","A",64,"GLY","MET",8.892,0.2599539630170282
"3VUBP52T","A",52,"THR","PRO",6.163,0.0817789528400437
"3VUBR31G","A",31,"GLY","ARG",8.922,0.9265550689237498
"3VUBR40I","A",40,"ILE","ARG",70.299,1.192759740182332
"3VUBR86L","A",86,"LEU","ARG",14.978,-0.3307662625220966
"3VUBS43R","A",43,"ARG","SER",68.818,-0.1248445461059564
"3VUBS70W","A",70,"TRP","SER",17.977,0.6084177311921245
"3VUBT65N","A",65,"ASN","THR",0.,0.021520156810700908
"3VUBV18A","A",18,"ALA","VAL",1.614,0.7235802856457373
"3VUBV18C","A",18,"CYS","VAL",0.678,0.7186332539174254
"3VUBV18D","A",18,"ASP","VAL",0.263,2.2052527451593957
"3VUBV18E","A",18,"GLU","VAL",0.202,2.1221169054809486
"3VUBV18F","A",18,"PHE","VAL",0.171,-0.12054804600189015
"3VUBV18G","A",18,"GLY","VAL",6.423,1.1748337612424549
"3VUBV18H","A",18,"HIS","VAL",0.,1.5517889952969894
"3VUBV18K","A",18,"LYS","VAL",1.175,1.7619984165600293
"3VUBV18L","A",18,"LEU","VAL",0.097,-0.15043038625176863
"3VUBV18R","A",18,"ARG","VAL",0.942,1.4085467581033355
"3VUBV18S","A",18,"SER","VAL",2.072,1.4101094134263465
"3VUBV18T","A",18,"THR","VAL",0.379,0.7584829398233393
"3VUBV18Y","A",18,"TYR","VAL",0.776,0.421924631122833
"3VUBV33D","A",33,"ASP","VAL",0.936,1.2581184789864648
"3VUBV33K","A",33,"LYS","VAL",1.447,1.1641556011317307
"3VUBV33M","A",33,"MET","VAL",3.241,0.8701325185607016
"3VUBV33R","A",33,"ARG","VAL",2.583,1.0349028001712668
"3VUBV54D","A",54,"ASP","VAL",6.604,1.0524478036558984
"3VUBV54E","A",54,"GLU","VAL",5.853,1.177340449044497
"3VUBV54G","A",54,"GLY","VAL",12.707,0.8350010350716565
"3VUBV54S","A",54,"SER","VAL",4.701,0.946209844947477
"3VUBV5L","A",5,"LEU","VAL",0.,0.2622806971061256
"3VUBV5S","A",5,"SER","VAL",0.,0.9203770097761744
"3VUBV71G","A",71,"GLY","VAL",16.177,0.2747039771247687
"3VUBV73F","A",73,"PHE","VAL",63.021,1.0426864006534344
"3VUBV75H","A",75,"HIS","VAL",23.868,-0.6692458563983974
"3VUBV80M","A",80,"MET","VAL",47.595,0.49378250216282216
"3VUBV80N","A",80,"ASN","VAL",51.782,0.18874872010975258
"3VUBY6G","A",6,"GLY","TYR",4.098,0.7877993666262809
"3VUBY6P","A",6,"PRO","TYR",7.24,1.5301427600575466
"4AH6L572F","A",572,"PHE","LEU",36.422,0.4834413360292047
"4AH6L585Q","A",585,"GLN","LEU",37.158,0.01648209385159713
"4AH6Q143K","A",143,"LYS","GLN",4.194,0.2229274006777369
"4AH6R222Q","A",222,"GLN","ARG",19.497,0.6684114316702301
"4AH6R17G","A",17,"GLY","ARG",16.213,1.086087526413429
"4AH6T95S","A",95,"SER","THR",1.842,0.12516657625470498
"4CG4M282I","A",282,"ILE","MET",49.35,-0.11951683068937877
"4CG4M282V","A",282,"VAL","MET",41.379,-0.29265277040749244
"4ROVC28A","A",28,"ALA","CYS",1.048,1.5336010378720155
"4ROVC50A","A",50,"ALA","CYS",14.835,-0.19240304501949346
"4ROVC68A","A",68,"ALA","CYS",10.339,-0.382568310483881
"4ROVC88A","A",88,"ALA","CYS",1.692,0.5002024865263428
"4ROVC95A","A",95,"ALA","CYS",7.831,0.38781700752875103
"4ROVC98A","A",98,"ALA","CYS",8.54,-0.1988708203642588
"4ROVC115A","A",115,"ALA","CYS",6.597,0.15934362601063107
"4ROVC128A","A",128,"ALA","CYS",5.009,-0.656525239731296
"4ROVC153A","A",153,"ALA","CYS",0.,-0.5692860399690182
"4ROVC163A","A",163,"ALA","CYS",37.439,-0.34797501237485007
"4ROVE66A","A",66,"ALA","GLU",9.646,1.12735327834512
"4ROVF9A","A",9,"ALA","PHE",5.296,0.18303835737252988
"4ROVF11A","A",11,"ALA","PHE",45.614,-1.5153000921902984
"4ROVF13A","A",13,"ALA","PHE",6.123,0.12994478233241474
"4ROVF48A","A",48,"ALA","PHE",11.821,0.3347634265968936
"4ROVF59A","A",59,"ALA","PHE",33.546,-0.6150006531948444
"4ROVF75A","A",75,"ALA","PHE",63.167,-1.1966005686593164
"4ROVF96A","A",96,"ALA","PHE",7.788,-0.9644383906890914
"4ROVF117A","A",117,"ALA","PHE",3.674,1.2143271302014451
"4ROVI106A","A",106,"ALA","ILE",13.844,0.12184318668814167
"4ROVI144A","A",144,"ALA","ILE",9.528,-0.08670628859414994
"4ROVL41A","A",41,"ALA","LEU",43.217,-0.014782284860511322
"4ROVL42A","A",42,"ALA","LEU",16.722,-0.15780342855594084
"4ROVL60A","A",60,"ALA","LEU",71.781,-0.363310707429475
"4ROVL67A","A",67,"ALA","LEU",23.104,-0.29162942792984825
"4ROVL80A","A",80,"ALA","LEU",65.431,-0.9413362662524768
"4ROVL178A","A",178,"ALA","LEU",11.466,0.33762922929767014
"4ROVM34A","A",34,"ALA","MET",29.5,-0.41807702453641926
"4ROVV19A","A",19,"ALA","VAL",47.883,-0.29841702481182775
"4ROVV40A","A",40,"ALA","VAL",27.842,-0.013361709908080902
"4ROVV72A","A",72,"ALA","VAL",19.425,-0.5298689869199484
"4ROVW18A","A",18,"ALA","TRP",35.309,-0.9802501081253312
"4ROVW39A","A",39,"ALA","TRP",38.2,-0.9832089842520885
"4ROVW76A","A",76,"ALA","TRP",26.172,-0.5267557436627436
"4ROVY147A","A",147,"ALA","TYR",44.549,-0.9185478554864103
"4V06P308R","A",308,"ARG","PRO",64.188,0.026146148563768894
"4V06R162W","A",162,"TRP","ARG",3.532,1.177933059026543
"4V06R300H","A",300,"HIS","ARG",23.888,0.2907042717676067
"4YE6_AFG45V","A",45,"VAL","GLY",76.702,0.4493100595587407
"4YE6_AFR403W","A",403,"TRP","ARG",3.625,1.4050360464615803
"4YE6_AFR515W","A",515,"TRP","ARG",13.428,1.0501506823179865
"4YE6_AFY57H","A",57,"HIS","TYR",11.091,0.225118489538485
"5DOT_PUC_SM_modifG1334S","A",1334,"SER","GLY",23.522,-0.48556051250936805
"5DOT_PUC_SM_modifH295R","A",295,"ARG","HIS",2.59,0.5193293390178884
"5DOT_PUC_SM_modifP1369L","A",1369,"LEU","PRO",13.446,0.28982205538563643
"5DOT_PUC_SM_modifP732L","A",732,"LEU","PRO",1.533,1.7812110937159296
"5DOT_PUC_SM_modifQ636P","A",636,"PRO","GLN",3.154,0.6724168368748134
"5DOT_PUC_SM_modifR1411Q","A",1411,"GLN","ARG",1.542,-0.21257443249339575
"5DOT_PUC_SM_modifR1411W","A",1411,"TRP","ARG",3.06,1.208387454286872
"5DOT_PUC_SM_modifS81F","A",81,"PHE","SER",13.727,0.5700988984345438
"5DOT_PUC_SM_modifT429N","A",429,"ASN","THR",2.705,-0.09676112378770185
"5DOT_PUC_SM_modifY1449H","A",1449,"HIS","TYR",14.132,-0.6240555491893056
"5F59_SM_modifE107K","A",107,"LYS","GLU",77.671,0.6415200329715905
"5F59_SM_modifF132G","A",132,"GLY","PHE",43.211,-0.9518366774607612
"5F59_SM_modifG67Q","A",67,"GLN","GLY",70.225,-0.15653546648216132
"5F59_SM_modifH110R","A",110,"ARG","HIS",59.917,-0.26122520355951956
"5F59_SM_modifI45T","A",45,"THR","ILE",38.104,-0.7945465139857524
"5F59_SM_modifI112V","A",112,"VAL","ILE",3.072,-0.24950480564393002
"5F59_SM_modifK131G","A",131,"GLY","LYS",58.241,0.31961467254063736
"5F59_SM_modifV41I","A",41,"ILE","VAL",0.944,0.023732251297216733
"5F59_SM_modifV53E","A",53,"GLU","VAL",40.219,-0.676959282107503
"5F59_SM_modifV104M","A",104,"MET","VAL",23.554,0.15135996690896678
"5FTJ_PUC_SMP117L","A",117,"LEU","PRO",58.81,0.5472739544774792
"5FTJ_PUC_SMR135C","A",135,"CYS","ARG",31.103,0.4650523994503739
"5FTJ_PUC_SMR75G","A",75,"GLY","ARG",12.557,0.7832118328156404
"5U9AH77Y","A",77,"TYR","HIS",57.046,1.3567881260070167
"5VNW_CA31D","A",31,"ASP","ALA",36.503,-1.2210565867328818
"5VNW_CH53P","A",53,"PRO","HIS",42.281,-0.46628093242320134
"5VNW_CH53R","A",53,"ARG","HIS",56.467,-0.3856234138406942
"5VNW_CT100K","A",100,"LYS","THR",20.113,-0.6218641995438129
"5VNW_CT100R","A",100,"ARG","THR",40.049,-0.3277187839707779
"5VNW_CT55D","A",55,"ASP","THR",80.213,-0.454105988919678
"5VNW_CT55G","A",55,"GLY","THR",56.092,-0.7202215039453536
"6FYQF15T","A",15,"THR","PHE",15.975,-0.49646692172769835
"6Q3WA197V","A",197,"VAL","ALA",0.235,-1.3532534259181777
"6Q3WA383P","A",383,"PRO","ALA",4.298,-0.038144028138860496
"6Q3WG345S","A",345,"SER","GLY",30.568,0.477841435719469
"6Q3WG348S","A",348,"SER","GLY",2.117,1.5333830138428248
"6Q3WG35R","A",35,"ARG","GLY",0.328,0.8974597067683676
"6Q3WH43Y","A",43,"TYR","HIS",2.877,0.46715411757006725
"6Q3WP27T","A",27,"THR","PRO",0.576,-0.08069392105470741
"6Q3WR67C","A",67,"CYS","ARG",20.288,-0.04578644009150376
"6Q3WT287M","A",287,"MET","THR",0.,0.3951736419410018
"6Q3WV31M","A",31,"MET","VAL",0.986,1.331095484692468
"7WWTE40K","A",40,"LYS","GLU",54.065,0.5778339833410486
"9ILBC8S","A",8,"SER","CYS",0.594,0.09318253540613108
"9ILBD76G","A",76,"GLY","ASP",76.163,0.002446214982841033
"9ILBE96G","A",96,"GLY","GLU",36.897,0.9473039184068199
"9ILBE96V","A",96,"VAL","GLU",32.19,0.929144449191364
"9ILBK74E","A",74,"GLU","LYS",54.125,-0.32577947777435434
"9ILBK88G","A",88,"GLY","LYS",81.022,0.6788590352085809
"9ILBK88L","A",88,"LEU","LYS",77.702,1.3042284866087106
"9ILBK88V","A",88,"VAL","LYS",64.792,1.1481946513783399
"9ILBK92M","A",92,"MET","LYS",29.225,0.20372944257321693
"9ILBK93M","A",93,"MET","LYS",46.683,0.49535631807379055
"9ILBK93R","A",93,"ARG","LYS",61.541,0.11810146306257169
"9ILBK94G","A",94,"GLY","LYS",44.658,0.7240541146958398
"9ILBK94M","A",94,"MET","LYS",53.683,0.762048387757248
"9ILBK94W","A",94,"TRP","LYS",69.932,2.045272859621583
"9ILBK97G","A",97,"GLY","LYS",49.78,0.4214471347988662
"9ILBK97R","A",97,"ARG","LYS",63.358,0.2283623817171212
"9ILBK97V","A",97,"VAL","LYS",42.513,0.43528884861571143
"9ILBL10A","A",10,"ALA","LEU",12.339,0.38060385275131436
"9ILBL10C","A",10,"CYS","LEU",5.063,0.4012916820317562
"9ILBL10D","A",10,"ASP","LEU",6.042,0.9903640940325839
"9ILBL10F","A",10,"PHE","LEU",3.892,-0.1205989176167103
"9ILBL10N","A",10,"ASN","LEU",11.284,0.9095149716371086
"9ILBL10S","A",10,"SER","LEU",7.768,0.4551131164033444
"9ILBL10T","A",10,"THR","LEU",14.702,0.26516647095376844
"9ILBL10Y","A",10,"TYR","LEU",3.53,0.052268524880730444
"9ILBL6A","A",6,"ALA","LEU",27.075,-0.1762923062198665
"9ILBL6K","A",6,"LYS","LEU",31.422,-0.30267034241537144
"9ILBL80V","A",80,"VAL","LEU",14.405,-0.564199830934942
"9ILBM95R","A",95,"ARG","MET",6.458,0.006809873871119421
"9ILBN7C","A",7,"CYS","ASN",8.387,0.27174085671653286
"9ILBN7G","A",7,"GLY","ASN",8.989,0.4295792196029967
"9ILBN89C","A",89,"CYS","ASN",54.05,0.9579995569474169
"9ILBN89F","A",89,"PHE","ASN",62.414,1.470451876046548
"9ILBN89G","A",89,"GLY","ASN",47.847,0.10484950414904462
"9ILBN89R","A",89,"ARG","ASN",70.261,-0.13307748793173055
"9ILBR4K","A",4,"LYS","ARG",49.159,-0.229602938560908
"9ILBR4P","A",4,"PRO","ARG",43.302,-0.24676151550274864
"9ILBR4Q","A",4,"GLN","ARG",53.625,0.16572503279321488
"9ILBR4S","A",4,"SER","ARG",49.735,0.04221956070284433
"9ILBR4V","A",4,"VAL","ARG",50.915,0.41921123900667545
"9ILBS5E","A",5,"GLU","SER",51.603,-0.5444159106600057
"9ILBS5G","A",5,"GLY","SER",44.069,-0.15194623590667578
"9ILBS5R","A",5,"ARG","SER",52.65,-0.05176102898567772
"9ILBT79A","A",79,"ALA","THR",14.342,0.5652255884950553
"9ILBT9A","A",9,"ALA","THR",2.473,0.9516897078837474
"9ILBT9E","A",9,"GLU","THR",20.352,-0.3969806947875954
"9ILBT9G","A",9,"GLY","THR",0.92,0.6084015500650667
"9ILBT9L","A",9,"LEU","THR",14.241,0.043599557374173786
"9ILBT9Q","A",9,"GLN","THR",18.816,-0.023898763795555
"9ILBT9W","A",9,"TRP","THR",2.212,0.47084364494082553
"9ILBY90L","A",90,"LEU","TYR",9.953,-0.0730802245970813
"9ILBY90R","A",90,"ARG","TYR",16.732,-0.6552898267616349
"9ILBY90S","A",90,"SER","TYR",13.035,-0.4333001368604047
"9ILBY90V","A",90,"VAL","TYR",9.294,-0.22150824406721678
"Model_0_AFN131D","A",131,"ASP","ASN",44.824,-0.6854313353206949
"Model_0_AFN49E","A",49,"GLU","ASN",48.712,-1.1483823885194033
"Model_0_AFQ18D","A",18,"ASP","GLN",64.228,-0.7489828934274525
"Model_0_AFQ66D","A",66,"ASP","GLN",48.338,-1.222734917352148
"Model_03_AFE106G","A",106,"GLY","GLU",50.624,0.4579717016406174
"Model_03_AFK45F","A",45,"PHE","LYS",6.093,-0.1469647686203459
"Model_03_AFL56V","A",56,"VAL","LEU",18.35,-0.6790796814878748
"Model_03_AFQ58F","A",58,"PHE","GLN",27.493,0.00910625796632468
"Model_03_AFS135G","A",135,"GLY","SER",96.385,0.20689132937664165
"Model_05_AFA17D","A",17,"ASP","ALA",87.196,-0.776779806828185
"Model_05_AFA17E","A",17,"GLU","ALA",95.465,-0.8705456496894299
"Model_05_AFA17K","A",17,"LYS","ALA",81.695,-0.6079300565370999
"Model_05_AFA17L","A",17,"LEU","ALA",81.104,0.30268303623391873
"Model_05_AFA17N","A",17,"ASN","ALA",85.274,-0.2813707344822435
"Model_05_AFA17R","A",17,"ARG","ALA",90.147,-0.2919648839477297
"Model_05_AFA17T","A",17,"THR","ALA",82.004,-0.17378635348843802
"Model_05_AFA17Y","A",17,"TYR","ALA",85.151,1.116656275415007
"Model_05_AFK33A","A",33,"ALA","LYS",26.991,0.6516653603787628
"Model_05_AFK33D","A",33,"ASP","LYS",33.239,0.12372283350432016
"Model_05_AFK33E","A",33,"GLU","LYS",32.837,-0.2913687041631181
"Model_05_AFK33G","A",33,"GLY","LYS",31.455,0.6520643733489249
"Model_05_AFK33H","A",33,"HIS","LYS",31.351,0.52901711505529
"Model_05_AFK33L","A",33,"LEU","LYS",29.428,0.605191476733074
"Model_05_AFK33R","A",33,"ARG","LYS",29.48,0.1055534642157426
"Model_05_AFY29A","A",29,"ALA","TYR",54.204,-1.3541955594982134
"Model_05_AFY29D","A",29,"ASP","TYR",63.475,-1.8829385215991032
"Model_05_AFY29E","A",29,"GLU","TYR",71.756,-2.2663801162343282
"Model_05_AFY29G","A",29,"GLY","TYR",48.659,-1.3492621803682376
"Model_05_AFY29K","A",29,"LYS","TYR",67.644,-2.04150768664905
"Model_05_AFY29L","A",29,"LEU","TYR",57.253,-0.44485747565642797
"Model_05_AFY29N","A",29,"ASN","TYR",65.663,-1.2824811125767401
"Model_05_AFY29R","A",29,"ARG","TYR",66.294,-1.6452445178478061
"Model_06_AFK405E","A",405,"GLU","LYS",66.223,-0.9913886497801758
"Model_06_AFS245A","A",245,"ALA","SER",0.159,-0.6313355815760838
"Model_06_AFS386T","A",386,"THR","SER",18.214,-0.07527938302702905
"Model_07_AFD209A","A",209,"ALA","ASP",5.666,0.91886701696302
"Model_07_AFK194R","A",194,"ARG","LYS",54.584,0.4610012042752098
"Model_07_AFQ323L","A",323,"LEU","GLN",27.115,0.20915533728146196
"Model_07_AFY306C","A",306,"CYS","TYR",5.973,-0.20783953626257437
"Model_09_AFK123A","A",123,"ALA","LYS",37.353,1.3457947527361933
"Model_09_AFK125A","A",125,"ALA","LYS",22.016,0.49362568069811297
"Model_09_AFK137A","A",137,"ALA","LYS",53.739,0.43560444197753906
"Model_09_AFK165A","A",165,"ALA","LYS",87.51,0.7354560522244106
"Model_09_AFR163A","A",163,"ALA","ARG",43.952,0.6382105341225001
"Model_100_SMA388R","A",388,"ARG","ALA",10.207,-0.18120200162197264
"Model_100_SML26Q","A",26,"GLN","LEU",0.452,1.2102321945076746
"Model_100_SMM711A","A",711,"ALA","MET",100.,-0.41602136546628493
"Model_100_SMM711D","A",711,"ASP","MET",99.66,-1.182486465043937
"Model_100_SMM711E","A",711,"GLU","MET",100.,-1.5298627493829244
"Model_100_SMQ109T","A",109,"THR","GLN",26.226,-0.1046757450451905
"Model_100_SMR143G","A",143,"GLY","ARG",34.113,0.1801621956030901
"Model_100_SMT671A","A",671,"ALA","THR",12.887,-0.28344059372840025
"Model_100_SMV467L","A",467,"LEU","VAL",3.13,-0.4656298584877674
"Model_100_SMV682I","A",682,"ILE","VAL",19.022,0.028257682426114622
"Model_13_AFL133P","A",133,"PRO","LEU",12.835,-0.13711252414773217
"Model_13_AFL218P","A",218,"PRO","LEU",31.071,0.4675546229030816
"Model_13_AFY250H","A",250,"HIS","TYR",5.186,0.28448387380980394
"Model_15_AFE407K","A",407,"LYS","GLU",65.439,0.7253275719952453
"Model_15_AFR202M","A",202,"MET","ARG",46.222,0.650969321329667
"Model_15_AFT388S","A",388,"SER","THR",26.477,-0.07248610797837862
"Model_15_AFV275A","A",275,"ALA","VAL",19.737,-0.9169359526278988
"Model_15_AFY218D","A",218,"ASP","TYR",67.779,-1.942219981524265
"Model_16_AFA11K","A",11,"LYS","ALA",41.616,-0.8972272950057204
"Model_16_AFA11V","A",11,"VAL","ALA",43.881,0.3051520767268107
"Model_16_AFA17K","A",17,"LYS","ALA",44.746,-0.8506017948386423
"Model_16_AFA17V","A",17,"VAL","ALA",40.899,0.3682709038262717
"Model_16_AFC15A","A",15,"ALA","CYS",34.084,-0.43023019198329765
"Model_16_AFF19A","A",19,"ALA","PHE",39.425,-0.6132964319458858
"Model_16_AFK4E","A",4,"GLU","LYS",32.523,-0.7380225958469966
"Model_16_AFK7A","A",7,"ALA","LYS",45.255,0.14453799298803752
"Model_16_AFK7E","A",7,"GLU","LYS",62.774,-0.4842346107372581
"Model_16_AFK18A","A",18,"ALA","LYS",38.881,0.4778992710868723
"Model_16_AFN8E","A",8,"GLU","ASN",28.328,-0.8071891635573729
"Model_16_AFR5E","A",5,"GLU","ARG",41.599,-0.5924645903234886
"Model_16_AFR9A","A",9,"ALA","ARG",39.071,0.9234946453823367
"Model_16_AFR9E","A",9,"GLU","ARG",72.048,-0.8506735455769341
"Model_16_AFR16A","A",16,"ALA","ARG",44.13,0.6435773659569806
"Model_16_AFS12E","A",12,"GLU","SER",63.911,-1.276336672499263
"Model_17_AFE40K","A",40,"LYS","GLU",17.65,0.14920262482467814
"Model_17_AFG33D","A",33,"ASP","GLY",1.338,-1.2908636707174423
"Model_17_AFI117N","A",117,"ASN","ILE",0.,0.5597390888272514
"Model_17_AFR71Q","A",71,"GLN","ARG",33.79,0.12578813927138038
"Model_17_AFS107N","A",107,"ASN","SER",23.723,-0.21258405706839034
"Model_18_AFA50D","A",50,"ASP","ALA",51.255,-1.0342412735436586
"Model_18_AFA51D","A",51,"ASP","ALA",1.254,-0.2409017819349567
"Model_18_AFI29D","A",29,"ASP","ILE",1.253,0.830935744519531
"Model_18_AFN34D","A",34,"ASP","ASN",9.702,0.03695124833515689
"Model_18_AFQ27D","A",27,"ASP","GLN",67.407,-0.1368108507825399
"Model_18_AFQ55D","A",55,"ASP","GLN",41.625,-0.13588582155623383
"Model_18_AFR24D","A",24,"ASP","ARG",33.7,0.13894460782644585
"Model_18_AFS26D","A",26,"ASP","SER",72.763,-0.3690792929095068
"Model_18_AFS28D","A",28,"ASP","SER",57.577,-0.7285506398944166
"Model_18_AFS30D","A",30,"ASP","SER",46.361,-0.6703604367618907
"Model_18_AFS31D","A",31,"ASP","SER",51.056,-0.21045885372403486
"Model_18_AFS52D","A",52,"ASP","SER",52.011,-0.07328476524953034
"Model_18_AFS53D","A",53,"ASP","SER",43.776,-0.09674463559809063
"Model_18_AFS56D","A",56,"ASP","SER",99.206,-0.4707070773930212
"Model_18_AFY32D","A",32,"ASP","TYR",35.853,-1.349688470309113
"Model_18_AFY49D","A",49,"ASP","TYR",46.834,-1.4656390489855837
"Model_19_AFA31D","A",31,"ASP","ALA",29.451,-0.7854457801255101
"Model_19_AFA38D","A",38,"ASP","ALA",15.987,-0.026010960106238157
"Model_19_AFA48D","A",48,"ASP","ALA",21.141,-0.48543415234765785
"Model_19_AFG24D","A",24,"ASP","GLY",95.218,-0.9331432796022548
"Model_19_AFG51D","A",51,"ASP","GLY",35.417,-1.0983613588644454
"Model_19_AFG53D","A",53,"ASP","GLY",25.834,-0.2437933468567951
"Model_19_AFQ37D","A",37,"ASP","GLN",23.589,0.10687584379141973
"Model_19_AFS28D","A",28,"ASP","SER",54.146,-0.6700725961235567
"Model_19_AFS29D","A",29,"ASP","SER",59.373,-0.4839145019871377
"Model_19_AFS33D","A",33,"ASP","SER",0.765,-0.2921056416637531
"Model_19_AFS50D","A",50,"ASP","SER",32.042,-0.8474748362946106
"Model_19_AFS52D","A",52,"ASP","SER",91.794,-0.4840647417654483
"Model_19_AFT26D","A",26,"ASP","THR",61.781,-0.6672942735531244
"Model_19_AFY30D","A",30,"ASP","TYR",7.022,0.03548978568791342
"Model_56_AFD142N","A",142,"ASN","ASP",11.115,1.2685087845108933
"Model_56_AFD155N","A",155,"ASN","ASP",42.514,0.7779387556283275
"Model_56_AFD164N","A",164,"ASN","ASP",40.861,0.47586521855394537
"Model_56_AFD170N","A",170,"ASN","ASP",54.251,0.679475705706299
"Model_56_AFD197N","A",197,"ASN","ASP",29.104,0.3294773936960508
"Model_56_AFD73N","A",73,"ASN","ASP",13.752,0.8617578175820557
"Model_56_AFR58H","A",58,"HIS","ARG",49.374,-0.04755326739148533
"Model_57_AFK262R","A",262,"ARG","LYS",79.159,-0.03608922312316337
"Model_63_AFC499S","A",499,"SER","CYS",0.,-0.8798391474930626
"Model_63_AFG52D","A",52,"ASP","GLY",100.,-0.913386449790294
"Model_63_AFI339V","A",339,"VAL","ILE",5.994,-0.04840243719208037
"Model_63_AFR518H","A",518,"HIS","ARG",59.612,0.29789956296383724
"Model_63_AFS511A","A",511,"ALA","SER",11.734,0.23687165697207285
"Model_63_AFT57A","A",57,"ALA","THR",2.224,1.279594788828022
"Model_63_AFY37C","A",37,"CYS","TYR",12.383,0.23580398497856037
"Model_66_AFS302N","A",302,"ASN","SER",12.043,-0.4503888502729282
"Model_72_AFW94A","A",94,"ALA","TRP",8.358,0.3716472255090571
"Model_72_AFW94E","A",94,"GLU","TRP",7.615,1.2535708856284171
"Model_72_AFW94F","A",94,"PHE","TRP",5.648,0.42310912513494703
"Model_72_AFW94K","A",94,"LYS","TRP",3.748,1.4259516785440478
"Model_72_AFW94R","A",94,"ARG","TRP",3.641,1.0019231770526629
"Model_75_AFR12C","A",12,"CYS","ARG",67.057,1.1567054082070563
"Model_75_AFR49C","A",49,"CYS","ARG",16.74,0.49824135390918645
"Model_77_AFF139D","A",139,"ASP","PHE",23.737,-0.4024443343588256
"Model_77_AFF139I","A",139,"ILE","PHE",34.296,-0.08896557329492878
"Model_77_AFF139K","A",139,"LYS","PHE",17.929,-0.20647781054784403
"Model_77_AFF139L","A",139,"LEU","PHE",15.402,0.4222699866054922
"Model_77_AFF139V","A",139,"VAL","PHE",25.001,0.14763583353625687
"Model_77_AFI145K","A",145,"LYS","ILE",89.646,-0.8832583476014012
"Model_77_AFI89K","A",89,"LYS","ILE",4.928,1.3110831381483163
"Model_77_AFL112K","A",112,"LYS","LEU",5.37,2.1751108700443678
"Model_77_AFL126K","A",126,"LYS","LEU",14.267,1.013806787510469
"Model_77_AFL17A","A",17,"ALA","LEU",5.912,1.3958148657484741
"Model_77_AFL22K","A",22,"LYS","LEU",29.693,0.0074935988274392185
"Model_77_AFL58K","A",58,"LYS","LEU",0.167,0.452905276527399
"Model_77_AFV119K","A",119,"LYS","VAL",8.296,1.2843258642446378
"Model_77_AFV130K","A",130,"LYS","VAL",0.,0.754205096865721
"Model_77_AFV33K","A",33,"LYS","VAL",9.74,0.861088646743678
"Model_77_AFV67K","A",67,"LYS","VAL",0.646,0.8492800895818328
"Model_77_AFV80K","A",80,"LYS","VAL",0.,0.29062763007544967
"Model_77_AFW85K","A",85,"LYS","TRP",73.495,-2.2325634829257575
"Model_77_AFY97K","A",97,"LYS","TYR",79.405,-1.7999933698094446
"Model_79_AFW111H","A",111,"HIS","TRP",80.215,-1.5886426583096642
"Model_79_AFW119H","A",119,"HIS","TRP",16.303,-0.60233226210245
"Model_81_AFC70S","A",70,"SER","CYS",23.82,-0.8000133588922808
